0,-263,85,-227,-261,85,-227
0,-372,98,-429,-372,98,-430
0,-370,92,-394,-372,92,-394
0,-363,66,-163,-361,66,-163
0,-321,61,-442,-321,61,-441
0,-303,92,-446,-303,92,-445
0,-260,68,-323,-260,69,-322
0,-403,66,-330,-403,66,-329
0,-408,135,-204,-408,135,-205
0,-411,80,-411,-409,81,-411
0,-327,67,-387,-326,67,-387
0,-261,82,-309,-260,83,-309
0,-209,75,-182,-207,75,-182
0,-436,119,-359,-437,119,-359
0,-413,138,-398,-415,139,-398
0,-305,66,-443,-307,65,-443
0,-312,81,-294,-313,82,-294
0,-306,84,-306,-306,84,-305
0,-423,99,-402,-423,100,-404
0,-403,67,-190,-403,67,-191
0,-450,85,-209,-449,85,-209
0,-450,126,-188,-449,126,-188
0,-423,97,-344,-425,96,-344
0,-428,136,-183,-428,136,-184
0,-252,74,-289,-252,73,-291
0,-401,105,-209,-400,105,-209
0,-441,108,-201,-441,108,-202
0,-457,155,-359,-456,155,-359
0,-263,85,-291,-265,85,-291
0,-249,68,-433,-249,69,-432
0,-425,105,-208,-426,105,-208
0,-239,78,-186,-239,79,-184
0,-449,119,-188,-451,119,-188
0,-260,91,-404,-260,92,-406
0,-437,156,-181,-437,155,-180
0,-430,140,-392,-428,140,-392
0,-368,91,-300,-368,92,-301
0,-421,155,-343,-423,155,-343
0,-449,129,-339,-449,129,-340
0,-202,81,-303,-202,81,-304
0,-197,81,-285,-196,81,-285
0,-454,76,-180,-453,76,-180
0,-420,66,-206,-420,66,-205
0,-191,68,-226,-191,69,-225
0,-344,77,-438,-345,78,-438
0,-221,76,-219,-222,76,-219
0,-222,71,-302,-222,72,-304
0,-261,72,-142,-260,73,-142
0,-449,96,-393,-449,96,-394
0,-176,86,-302,-177,87,-302
0,-234,89,-404,-235,89,-404
0,-443,138,-323,-443,139,-325
0,-368,68,-292,-368,69,-291
0,-192,85,-190,-191,84,-190
0,-409,79,-330,-410,79,-330
0,-449,106,-187,-449,106,-188
0,-300,76,-291,-302,76,-291
0,-353,75,-342,-352,75,-342
0,-354,62,-392,-354,62,-391
0,-245,76,-408,-245,76,-407
0,-450,106,-394,-449,106,-394
0,-189,70,-307,-187,71,-307
0,-228,71,-330,-226,72,-330
0,-294,98,-392,-293,98,-392
0,-296,98,-298,-294,98,-298
0,-426,79,-191,-426,79,-193
0,-409,66,-396,-409,67,-397
0,-191,71,-321,-192,71,-321
0,-251,86,-188,-251,85,-189
0,-367,83,-286,-368,84,-286
0,-318,63,-390,-317,63,-390
0,-251,66,-142,-252,67,-142
0,-306,84,-286,-306,84,-287
0,-308,63,-443,-308,63,-442
0,-448,156,-330,-448,155,-329
0,-439,137,-414,-441,136,-414
0,-219,75,-338,-219,75,-337
0,-370,76,-394,-372,76,-394
0,-321,63,-388,-322,63,-388
0,-410,146,-406,-410,146,-404
0,-393,89,-207,-393,90,-205
0,-191,98,-187,-190,98,-187
0,-290,91,-340,-290,92,-338
0,-439,117,-318,-441,116,-318
0,-260,74,-220,-260,75,-219
0,-449,149,-403,-449,149,-401
0,-190,68,-197,-190,69,-198
0,-249,75,-140,-249,75,-141
0,-298,84,-401,-296,84,-401
0,-419,66,-324,-419,66,-323
0,-489,66,-312,-489,66,-313
0,-450,138,-403,-449,138,-403
0,-411,99,-411,-409,100,-411
0,-199,61,-187,-198,61,-187
0,-449,138,-329,-449,139,-331
0,-321,87,-448,-323,87,-448
0,-256,98,-390,-255,98,-390
0,-266,75,-319,-266,75,-320
0,-442,101,-379,-442,100,-377
0,-398,146,-336,-399,146,-336
0,-374,77,-439,-372,76,-439
0,-355,61,-344,-357,61,-344
0,-240,75,-288,-239,75,-288
0,-398,66,-320,-398,66,-321
0,-404,131,-335,-406,130,-335
0,-428,96,-182,-428,96,-184
0,-258,82,-178,-260,83,-178
0,-409,98,-330,-410,98,-330
0,-233,83,-393,-233,83,-394
0,-309,61,-344,-311,62,-344
0,-364,69,-286,-364,69,-287
0,-230,75,-187,-231,75,-187
0,-450,118,-403,-449,118,-403
0,-426,149,-408,-426,149,-407
0,-190,61,-342,-189,61,-342
0,-249,83,-433,-249,84,-432
0,-433,108,-324,-433,109,-322
0,-190,75,-197,-190,76,-198
0,-192,91,-220,-191,92,-220
0,-433,139,-208,-433,138,-207
0,-231,71,-293,-233,72,-293
0,-311,83,-393,-311,83,-394
0,-440,89,-340,-441,90,-340
0,-430,108,-414,-429,108,-414
0,-449,100,-186,-449,99,-184
0,-318,69,-409,-318,70,-411
0,-368,68,-432,-368,69,-431
0,-364,84,-286,-364,84,-287
0,-255,93,-440,-257,94,-440
0,-431,78,-390,-432,77,-390
0,-409,128,-196,-410,128,-196
0,-208,70,-331,-208,71,-333
0,-260,91,-431,-260,92,-433
0,-242,75,-332,-240,76,-332
0,-251,92,-393,-249,92,-393
0,-410,95,-319,-408,95,-319
0,-415,78,-200,-415,79,-201
0,-266,85,-286,-266,85,-285
0,-449,109,-393,-449,109,-392
0,-404,79,-187,-404,80,-189
0,-398,86,-190,-399,86,-190
0,-260,98,-399,-258,98,-399
0,-364,92,-286,-364,92,-287
0,-266,75,-178,-266,75,-180
0,-332,82,-434,-330,82,-434
0,-241,80,-343,-243,80,-343
0,-422,77,-188,-424,77,-188
0,-449,150,-340,-449,149,-342
0,-396,150,-197,-394,149,-197
0,-194,85,-200,-194,85,-199
0,-220,81,-232,-219,82,-232
0,-399,109,-199,-398,109,-199
0,-300,98,-431,-298,98,-431
0,-433,109,-319,-433,109,-318
0,-452,76,-207,-451,76,-207
0,-438,76,-347,-439,76,-347
0,-260,74,-323,-260,75,-322
0,-419,125,-317,-418,125,-317
0,-423,86,-182,-425,86,-182
0,-176,87,-327,-177,87,-327
0,-430,151,-381,-430,150,-380
0,-260,68,-301,-260,67,-299
0,-418,66,-406,-418,66,-405
0,-400,95,-414,-400,95,-415
0,-291,91,-290,-291,92,-292
0,-379,83,-393,-379,84,-391
0,-449,149,-197,-449,149,-195
0,-188,98,-200,-188,98,-198
0,-243,69,-219,-243,70,-218
0,-175,92,-288,-176,93,-288
0,-242,63,-342,-243,63,-342
0,-450,118,-197,-449,118,-197
0,-350,63,-289,-350,62,-290
0,-379,98,-297,-377,98,-297
0,-432,135,-319,-432,135,-318
0,-249,68,-402,-249,69,-403
0,-432,156,-399,-434,155,-399
0,-176,80,-290,-177,81,-290
0,-401,77,-336,-402,77,-336
0,-368,83,-292,-368,84,-291
0,-336,82,-298,-338,82,-298
0,-332,90,-408,-334,89,-408
0,-440,76,-373,-438,76,-373
0,-433,128,-408,-433,129,-410
0,-422,115,-189,-424,116,-189
0,-266,86,-181,-266,85,-179
0,-251,76,-442,-253,76,-442
0,-430,150,-392,-432,149,-392
0,-400,86,-396,-402,86,-396
0,-298,98,-288,-297,98,-288
0,-301,77,-439,-303,76,-439
0,-423,127,-180,-425,126,-180
1,182,77,-92,182,76,-91
1,188,103,-194,188,103,-196
1,307,66,-153,305,66,-153
1,189,99,-184,189,98,-185
1,296,61,19,296,61,18
1,161,71,-100,160,72,-100
1,238,67,-226,240,68,-226
1,176,79,-198,178,80,-198
1,269,79,-235,270,79,-235
1,261,89,-92,262,90,-92
1,197,69,-90,197,69,-92
1,166,61,-80,166,61,-82
1,262,85,-219,262,85,-218
1,308,98,-231,309,98,-231
1,216,70,70,216,70,69
1,192,118,-190,192,118,-191
1,319,75,-190,319,76,-192
1,170,71,-188,170,72,-190
1,238,77,-90,240,76,-90
1,191,94,-188,191,93,-189
1,276,75,-187,275,75,-187
1,281,63,-30,283,62,-30
1,277,73,18,277,72,16
1,231,76,-179,231,76,-180
1,240,76,-227,239,76,-227
1,273,70,-191,273,71,-193
1,167,81,-116,168,81,-116
1,263,63,-139,264,63,-139
1,307,75,-237,308,76,-237
1,238,98,-102,239,98,-102
1,133,61,-79,131,61,-79
1,244,68,-17,244,69,-16
1,233,75,-27,233,76,-25
1,262,75,-130,262,75,-131
1,296,86,83,296,86,85
1,248,92,-83,248,92,-84
1,304,76,-33,305,76,-33
1,308,84,-193,308,84,-191
1,290,78,85,289,79,85
1,247,69,-129,249,70,-129
1,252,82,6,254,83,6
1,196,86,-123,195,87,-123
1,193,75,-188,192,74,-188
1,240,67,-219,240,67,-220
1,195,75,-121,195,75,-123
1,270,81,-116,271,81,-116
1,317,86,7,316,87,7
1,178,73,-193,178,72,-194
1,195,86,-133,195,87,-135
1,244,100,70,244,100,71
1,180,83,-129,179,84,-129
1,162,75,-122,162,75,-121
1,300,70,-22,301,71,-22
1,244,84,-96,242,84,-96
1,192,87,-182,192,88,-183
1,292,81,-25,292,81,-24
1,147,71,-102,148,71,-102
1,153,72,-182,155,71,-182
1,295,71,-192,295,72,-190
1,309,73,-21,310,73,-21
1,254,85,-23,256,86,-23
1,312,74,84,312,74,85
1,196,80,-135,195,81,-135
1,235,87,-118,235,88,-117
1,279,69,-26,278,70,-26
1,234,87,-184,235,88,-184
1,317,86,-18,316,87,-18
1,196,86,-82,195,87,-82
1,249,61,-132,249,60,-133
1,295,61,-183,295,61,-185
1,194,117,-204,192,118,-204
1,283,67,-98,283,67,-100
1,182,82,-89,182,83,-91
1,186,123,-204,188,123,-204
1,305,94,75,305,94,77
1,142,77,-116,142,77,-115
1,273,78,-218,275,77,-218
1,281,82,-16,279,83,-16
1,361,134,29,360,134,29
1,196,74,-135,195,75,-135
1,147,78,-125,147,78,-127
1,166,63,-184,167,63,-184
1,133,75,-81,133,75,-82
1,196,92,-135,196,93,-137
1,194,82,-204,192,83,-204
1,194,97,-183,192,98,-183
1,192,82,-189,191,83,-189
1,279,75,-32,280,76,-32
1,245,91,-11,244,92,-11
1,124,76,-114,124,76,-115
1,188,77,-189,189,78,-189
1,188,117,-189,189,118,-189
1,250,83,-188,252,83,-188
1,176,66,-138,176,66,-136
1,186,132,-196,188,133,-196
1,244,83,-17,244,84,-16
1,262,73,-90,262,72,-91
1,255,83,-100,254,83,-100
1,336,66,-130,336,66,-132
1,252,69,15,253,70,15
1,269,70,-129,268,69,-129
1,274,76,-101,275,76,-101
1,254,71,-85,254,72,-87
1,255,90,-235,253,90,-235
1,269,81,-82,268,82,-82
1,176,89,-195,178,90,-195
1,318,92,-32,317,93,-32
1,304,92,-217,304,92,-218
1,269,86,75,269,85,74
1,233,91,-99,233,92,-97
1,299,66,24,300,66,24
1,237,98,-26,236,98,-26
1,282,75,-230,282,76,-232
1,280,82,-192,280,83,-194
1,305,61,-33,304,61,-33
1,307,76,11,307,76,13
1,261,68,-205,259,69,-205
1,282,71,83,282,72,85
1,252,75,-135,253,76,-135
1,254,61,24,252,61,24
1,286,61,19,287,61,19
1,188,102,-181,188,103,-183
1,325,73,78,325,74,79
1,147,89,-123,149,90,-123
1,307,98,-202,308,98,-202
1,233,98,-90,235,98,-90
1,175,76,-139,174,76,-139
1,271,63,-85,270,62,-85
1,184,61,-136,183,61,-136
1,296,67,-238,295,67,-238
1,271,66,-35,273,66,-35
1,134,81,-89,136,81,-89
1,158,61,-138,159,61,-138
1,196,92,-123,196,93,-121
1,157,89,-182,156,89,-182
1,303,82,19,303,82,18
1,186,70,-92,186,71,-90
1,197,93,-80,196,93,-80
1,258,85,-13,259,86,-13
1,275,81,83,276,82,83
1,255,90,-188,253,90,-188
1,308,84,-230,308,84,-232
1,240,87,-140,239,88,-140
1,192,87,-202,192,88,-204
1,240,67,-176,240,67,-177
1,305,61,-29,304,61,-29
1,131,70,-86,133,70,-86
1,194,93,-196,192,93,-196
1,163,84,-187,165,85,-187
1,132,80,-136,132,80,-137
1,252,75,17,253,76,17
1,269,71,-226,269,71,-227
1,319,83,-190,319,84,-188
1,155,75,-133,155,76,-131
1,197,66,-112,197,66,-113
1,255,63,-31,253,64,-31
1,326,90,81,326,89,82
1,312,98,-189,311,98,-189
1,234,83,-136,232,84,-136
1,185,92,-202,183,93,-202
1,261,85,-122,259,86,-122
1,318,92,5,317,93,5
1,319,75,-202,319,76,-200
1,269,78,13,269,79,15
1,255,68,-119,254,67,-119
1,248,77,-196,247,78,-196
1,254,63,-33,253,63,-33
1,186,127,-196,188,128,-196
1,272,71,2,271,71,2
1,254,80,-34,253,80,-34
1,155,64,-184,157,63,-184
1,158,69,-129,157,70,-129
1,189,119,-199,188,119,-199
1,253,79,-219,255,80,-219
1,252,63,-237,254,64,-237
1,192,108,-189,191,108,-189
1,234,83,-239,235,83,-239
1,417,134,29,416,134,29
1,249,63,-186,249,63,-187
1,237,87,6,236,88,6
1,279,61,-35,280,61,-35
1,189,113,-183,188,113,-183
1,186,82,-183,184,83,-183
1,295,71,-193,295,72,-194
1,308,93,-237,310,92,-237
1,197,76,-94,195,75,-94
1,254,80,81,254,80,79
1,295,66,-100,293,67,-100
1,307,83,-206,308,84,-206
1,273,90,-221,273,90,-223
1,234,87,-227,235,88,-227
1,248,89,-195,247,90,-195
2,-430,92,443,-430,91,442
2,-449,105,415,-448,106,415
2,-394,121,271,-395,121,271
2,-335,67,371,-334,67,371
2,-260,81,424,-259,82,424
2,-383,130,271,-381,130,271
2,-419,80,298,-419,79,300
2,-381,94,409,-381,93,410
2,-335,143,324,-333,142,324
2,-324,90,391,-326,89,391
2,-444,105,382,-444,105,381
2,-208,143,418,-210,144,418
2,-239,153,413,-241,153,413
2,-320,112,291,-321,112,291
2,-256,146,428,-257,147,428
2,-427,65,396,-425,66,396
2,-302,93,384,-304,93,384
2,-208,80,408,-210,81,408
2,-210,94,412,-210,95,411
2,-419,116,293,-417,115,293
2,-500,66,422,-499,67,422
2,-221,144,418,-220,144,418
2,-180,74,412,-180,74,411
2,-379,152,306,-379,151,304
2,-424,76,302,-425,76,302
2,-506,103,407,-504,104,407
2,-507,68,390,-506,69,390
2,-503,116,409,-503,116,410
2,-444,76,381,-446,76,381
2,-180,68,409,-180,67,408
2,-329,157,322,-327,157,322
2,-385,98,373,-383,98,373
2,-445,160,439,-447,160,439
2,-450,105,382,-450,106,384
2,-431,111,381,-432,111,381
2,-308,123,382,-308,123,384
2,-260,111,410,-261,111,410
2,-260,66,424,-259,67,424
2,-427,88,391,-428,88,391
2,-448,125,421,-448,124,420
2,-444,117,382,-444,117,381
2,-450,75,416,-450,76,418
2,-441,145,439,-441,146,441
2,-432,135,457,-433,136,457
2,-420,130,314,-420,131,313
2,-350,148,271,-351,148,271
2,-302,117,392,-304,118,392
2,-302,97,429,-304,98,429
2,-306,66,454,-308,66,454
2,-260,141,412,-259,142,412
2,-386,122,408,-384,123,408
2,-243,76,407,-243,77,409
2,-255,111,428,-255,112,427
2,-507,131,410,-506,132,410
2,-503,80,409,-503,81,410
2,-448,118,386,-446,118,386
2,-377,77,377,-375,78,377
2,-500,74,378,-499,74,378
2,-256,141,410,-255,141,410
2,-503,151,384,-502,151,384
2,-311,157,284,-311,158,282
2,-305,133,267,-305,133,269
2,-276,66,477,-276,67,475
2,-360,94,322,-361,94,322
2,-216,73,422,-216,74,421
2,-312,92,418,-312,93,416
2,-380,127,386,-381,128,386
2,-507,73,407,-506,74,407
2,-384,66,342,-382,66,342
2,-423,94,322,-421,94,322
2,-383,94,271,-381,94,271
2,-220,143,412,-220,144,411
2,-260,117,412,-259,117,412
2,-380,66,418,-380,67,416
2,-369,85,374,-369,85,376
2,-305,98,295,-305,97,293
2,-311,69,374,-312,68,374
2,-447,115,449,-446,116,449
2,-323,89,377,-321,89,377
2,-452,100,410,-450,100,410
2,-383,76,322,-385,76,322
2,-385,98,410,-383,98,410
2,-383,113,379,-384,113,379
2,-370,63,374,-371,63,374
2,-372,76,302,-371,76,302
2,-346,81,382,-346,81,380
2,-224,84,312,-224,84,310
2,-319,148,322,-317,148,322
2,-310,148,271,-311,148,271
2,-320,63,373,-319,63,373
2,-417,88,287,-417,88,289
2,-307,124,414,-305,123,414
2,-369,85,391,-371,85,391
2,-435,67,436,-435,67,437
2,-426,100,423,-428,100,423
2,-323,134,273,-325,133,273
2,-323,152,289,-325,151,289
2,-424,91,450,-424,90,452
2,-426,111,411,-426,112,410
2,-386,92,379,-384,93,379
2,-350,130,302,-351,130,302
2,-373,112,291,-375,112,291
2,-359,71,380,-357,70,380
2,-337,103,311,-335,104,311
2,-308,78,391,-308,79,389
2,-307,124,424,-308,124,424
2,-432,130,457,-433,131,457
2,-385,93,390,-383,93,390
2,-232,79,290,-232,79,289
2,-302,97,371,-304,98,371
2,-363,89,326,-363,88,324
2,-256,131,412,-257,132,412
2,-263,136,427,-261,137,427
2,-376,66,410,-376,67,408
2,-427,93,389,-428,94,389
2,-339,148,322,-341,148,322
2,-186,103,409,-186,102,411
2,-192,73,418,-192,74,419
2,-445,123,413,-444,123,413
2,-337,86,313,-336,86,313
2,-379,122,427,-381,123,427
2,-381,99,414,-383,98,414
2,-423,157,291,-421,157,291
2,-419,98,293,-419,97,295
2,-335,116,275,-333,115,275
2,-381,104,374,-381,103,373
2,-417,134,326,-417,133,324
2,-308,118,382,-308,118,384
2,-225,72,294,-227,73,294
2,-186,129,412,-186,130,411
2,-313,161,289,-315,160,289
2,-449,123,413,-450,123,413
2,-302,118,426,-304,119,426
2,-409,134,287,-407,133,287
2,-382,148,271,-381,148,271
2,-424,148,322,-425,148,322
2,-453,65,413,-453,66,411
2,-185,109,412,-184,109,412
2,-308,72,419,-308,73,421
2,-239,96,284,-239,97,286
2,-243,101,433,-243,102,431
2,-385,118,414,-383,118,414
2,-317,158,324,-317,157,322
2,-335,61,374,-333,62,374
2,-198,123,432,-200,123,432
2,-220,80,422,-220,81,421
2,-409,152,287,-407,151,287
2,-438,75,454,-438,75,452
2,-385,103,427,-383,103,427
2,-324,89,392,-326,89,392
2,-442,99,415,-444,99,415
2,-369,125,273,-369,124,275
2,-335,74,253,-335,75,251
2,-216,156,306,-216,157,307
2,-384,85,302,-385,85,302
2,-363,90,429,-363,90,430
2,-333,88,325,-333,88,326
2,-354,81,381,-355,81,381
2,-304,133,409,-304,133,408
2,-190,124,431,-192,123,431
2,-355,134,324,-353,133,324
2,-243,71,407,-243,72,409
2,-208,87,408,-210,88,408
2,-439,157,453,-439,156,454
2,-239,156,297,-239,157,295
2,-385,133,427,-383,133,427
2,-329,94,302,-327,94,302
2,-347,112,273,-347,112,271
2,-385,77,410,-383,78,410
2,-308,102,377,-307,103,377
2,-180,103,419,-182,102,419
2,-430,127,436,-430,126,437
2,-208,122,411,-210,123,411
2,-338,61,428,-340,62,428
2,-386,87,416,-384,88,416
2,-450,93,397,-450,94,396
2,-319,66,268,-319,66,270
2,-243,93,409,-241,92,409
2,-386,122,379,-384,123,379
2,-389,143,287,-389,142,289
2,-379,98,377,-381,98,377
2,-198,109,432,-200,109,432
2,-372,158,271,-371,157,271
2,-384,118,409,-384,118,408
2,-363,143,326,-363,142,324
2,-186,145,409,-186,144,408
2,-378,77,429,-376,78,429
2,-244,96,412,-243,97,412
2,-500,87,378,-499,88,378
2,-243,121,286,-241,121,286
2,-307,99,385,-307,98,386
2,-237,106,415,-239,107,415
3,384,95,451,384,96,449
3,416,115,613,415,115,613
3,377,73,371,377,72,369
3,361,66,573,361,66,575
3,384,65,394,382,66,394
3,263,78,397,264,79,397
3,396,124,585,395,124,585
3,397,107,521,397,106,519
3,379,66,333,378,66,333
3,393,140,544,393,139,543
3,384,134,605,384,133,603
3,375,86,593,373,86,593
3,362,122,618,362,121,617
3,362,112,620,362,112,621
3,413,130,619,413,130,617
3,375,152,330,375,152,331
3,413,76,525,413,76,527
3,389,73,336,387,74,336
3,376,144,331,378,144,331
3,414,151,437,414,151,439
3,364,89,500,364,88,501
3,360,85,611,362,85,611
3,417,124,585,417,124,583
3,417,109,441,416,109,441
3,392,138,445,392,137,447
3,413,122,504,413,121,503
3,357,72,480,356,72,480
3,391,134,509,389,133,509
3,417,124,573,417,124,575
3,393,116,529,391,115,529
3,385,108,443,384,108,443
3,399,66,611,399,66,613
3,374,103,446,374,102,447
3,376,102,331,378,102,331
3,412,78,654,414,79,654
3,397,152,573,397,151,575
3,378,79,529,378,79,531
3,366,73,464,366,73,463
3,382,130,570,382,130,571
3,406,142,661,406,142,662
3,359,95,447,360,96,447
3,417,106,521,417,106,519
3,389,159,336,387,160,336
3,415,78,622,415,79,623
3,402,110,449,402,109,447
3,382,144,481,382,144,480
3,411,80,551,409,79,551
3,415,158,660,415,158,658
3,385,132,467,385,132,468
3,361,121,359,361,121,357
3,360,80,551,360,79,549
3,405,157,617,404,158,617
3,386,116,551,386,115,549
3,364,124,595,366,124,595
3,365,133,615,366,133,615
3,362,113,570,362,112,571
3,266,73,396,266,72,398
3,361,120,472,361,121,474
3,402,68,450,402,67,449
3,364,107,615,366,106,615
3,373,66,443,372,66,443
3,391,98,565,389,97,565
3,379,74,437,378,73,437
3,384,79,529,386,79,529
3,368,78,593,366,79,593
3,382,149,555,382,148,557
3,358,98,603,360,97,603
3,309,72,419,310,72,419
3,417,115,443,418,115,443
3,417,134,613,417,133,615
3,304,72,394,304,72,392
3,380,97,363,380,97,365
3,405,95,507,404,95,507
3,415,67,537,414,66,537
3,385,156,481,384,156,481
3,297,84,400,296,84,400
3,386,137,336,387,137,336
3,416,145,446,416,144,447
3,382,143,338,384,143,338
3,393,112,514,393,112,513
3,405,95,617,404,95,617
3,420,101,445,418,101,445
3,377,87,433,378,87,433
3,393,148,609,393,148,607
3,363,133,375,361,133,375
3,384,107,557,384,106,559
3,411,139,537,413,139,537
3,378,115,378,377,114,378
3,396,80,450,396,80,448
3,385,120,467,385,120,468
3,371,86,533,371,86,532
3,358,133,539,358,133,541
3,307,114,409,307,114,410
3,386,107,605,384,106,605
3,390,158,447,392,158,447
3,355,115,482,356,115,482
3,406,113,507,404,113,507
3,393,123,429,393,124,427
3,386,143,613,386,142,615
3,368,81,447,366,82,447
3,410,128,654,412,129,654
3,364,113,503,362,112,503
3,411,148,601,413,148,601
3,383,116,334,383,115,333
3,393,94,555,393,94,553
3,374,140,508,373,140,508
3,419,102,447,417,103,447
3,382,139,588,382,139,587
3,374,138,451,374,137,449
3,378,130,433,378,131,435
3,375,95,617,373,95,617
3,371,149,591,371,149,593
3,354,132,480,356,132,480
3,401,139,507,402,140,507
3,353,114,475,353,114,474
3,395,106,615,397,106,615
3,380,157,557,382,157,557
3,400,148,531,402,149,531
3,360,67,617,361,66,617
3,372,80,617,373,79,617
3,416,124,521,415,124,521
3,373,143,439,374,143,439
3,384,66,424,384,66,425
3,361,145,449,361,145,447
3,364,157,607,362,157,607
3,411,116,613,409,115,613
3,400,88,450,400,89,449
3,387,105,511,389,106,511
3,396,101,449,396,101,448
3,420,73,443,418,73,443
3,402,151,615,402,151,617
3,386,152,338,384,152,338
3,374,95,531,373,95,531
3,364,161,615,364,160,613
3,414,66,395,414,66,393
3,393,108,334,393,108,333
3,404,117,449,406,117,449
3,415,143,583,417,142,583
3,389,98,583,389,97,585
3,390,137,431,388,138,431
3,413,121,535,413,121,533
3,404,89,509,404,88,508
3,384,144,331,383,143,331
3,409,116,593,411,115,593
3,385,94,437,385,94,439
3,386,156,466,386,156,465
3,393,112,600,393,112,601
3,379,122,333,378,122,333
3,382,121,556,382,121,557
3,358,89,565,360,88,565
3,395,121,621,393,121,621
3,364,97,551,366,97,551
3,376,152,446,376,151,447
3,373,136,439,374,136,439
3,372,116,442,372,117,441
3,414,145,451,414,144,449
3,360,158,441,362,158,441
3,413,85,608,413,85,607
3,406,101,443,406,101,445
3,385,138,475,385,138,474
3,379,84,772,378,83,771
3,362,110,445,362,109,447
3,375,126,356,375,127,357
3,411,85,581,413,85,581
3,359,133,593,358,133,593
3,416,152,446,416,151,447
3,417,116,531,415,115,531
3,368,85,357,366,85,357
3,357,126,480,358,127,480
3,373,127,475,373,127,474
3,370,130,617,371,131,617
3,361,157,467,361,157,468
3,382,140,608,382,139,607
3,382,94,556,382,94,557
3,393,85,515,393,85,513
3,393,115,425,394,115,425
3,410,130,447,412,131,447
3,362,96,451,362,95,449
3,385,150,451,384,150,451
3,370,149,616,371,149,616
3,268,65,456,268,66,454
3,384,103,449,384,103,447
3,360,151,449,362,151,449
3,363,145,377,363,145,375
3,376,66,480,376,67,481
3,419,81,449,417,82,449
3,376,66,390,378,66,390
3,385,126,475,385,126,474
3,353,85,470,353,84,468
3,391,76,611,393,76,611
3,415,158,533,413,157,533
3,405,135,648,405,135,649
4,-591,59,-498,-591,59,-499
4,-595,75,-630,-597,75,-630
4,-588,88,-678,-590,88,-678
4,-591,59,-600,-591,59,-601
4,-456,50,-481,-456,51,-482
4,-590,88,-666,-590,88,-664
4,-555,88,-674,-553,88,-674
4,-550,74,-669,-552,74,-669
4,-587,59,-708,-588,58,-708
4,-497,74,-638,-497,74,-636
4,-587,59,-561,-587,59,-562
4,-553,88,-664,-553,88,-662
4,-542,59,-469,-542,59,-470
4,-590,75,-677,-589,74,-677
4,-595,79,-629,-597,79,-629
4,-597,80,-657,-597,80,-658
4,-511,60,-561,-511,60,-560
4,-442,56,-492,-441,57,-492
4,-552,74,-629,-553,73,-629
5,320,97,-446,319,97,-446
5,318,73,-445,316,74,-445
5,310,85,-451,311,85,-451
5,316,97,-451,317,97,-451
5,307,69,-448,307,69,-447
5,311,104,-445,312,104,-445
5,310,103,-454,312,104,-454
5,301,76,-450,303,77,-450
5,309,87,-447,311,88,-447
5,309,81,-447,309,82,-445
5,301,83,-450,303,84,-450
6,-518,95,117,-520,95,117
6,-520,93,-28,-519,92,-28
6,-571,91,82,-572,92,82
6,-450,94,100,-450,95,99
6,-580,102,118,-580,103,119
6,-522,110,128,-521,111,128
6,-600,88,46,-600,87,45
6,-548,132,-105,-548,133,-104
6,-357,79,-31,-356,79,-31
6,-524,131,112,-525,131,112
6,-445,118,-112,-443,119,-112
6,-525,156,-73,-524,157,-73
6,-535,105,-32,-535,104,-30
6,-451,85,-111,-449,85,-111
6,-365,85,-28,-366,84,-28
6,-579,139,-22,-580,140,-22
6,-568,144,84,-568,144,83
6,-549,106,125,-548,106,125
6,-521,144,-100,-520,145,-100
6,-565,138,-102,-564,139,-102
6,-579,139,7,-580,140,7
6,-620,66,-11,-622,66,-11
6,-520,138,-76,-520,139,-75
6,-436,66,78,-435,66,78
6,-600,153,69,-600,152,71
6,-402,157,90,-403,157,90
6,-577,150,-61,-577,151,-62
6,-577,78,-85,-577,79,-86
6,-347,63,-32,-347,63,-33
6,-571,143,109,-571,144,110
6,-436,94,95,-435,95,95
6,-515,106,125,-515,106,127
6,-541,74,-13,-539,74,-13
6,-452,125,-113,-451,125,-113
6,-396,87,98,-396,87,99
6,-570,150,7,-572,150,7
6,-562,90,-65,-562,91,-64
6,-526,90,-112,-525,91,-112
6,-345,70,-34,-345,70,-32
6,-573,119,-34,-573,120,-35
6,-391,73,100,-391,74,99
6,-600,143,111,-598,144,111
6,-448,87,118,-449,87,118
6,-549,157,88,-548,158,88
6,-591,133,46,-591,132,47
6,-533,109,-100,-533,109,-102
6,-545,116,112,-545,117,110
6,-512,95,127,-512,96,129
6,-436,136,100,-435,137,100
6,-370,98,-22,-369,98,-22
6,-572,79,-15,-570,79,-15
6,-555,146,129,-553,146,129
6,-587,132,-73,-587,133,-74
6,-585,93,52,-584,92,52
6,-448,150,86,-447,150,86
6,-538,159,-30,-539,158,-30
6,-528,95,128,-527,96,128
6,-402,115,90,-403,115,90
6,-520,72,-71,-520,73,-70
6,-403,66,100,-403,67,99
6,-358,84,-37,-356,83,-37
6,-546,88,121,-546,87,120
6,-569,94,9,-569,95,10
6,-562,126,-65,-562,127,-64
6,-584,84,-60,-585,85,-60
6,-515,117,128,-515,116,127
6,-522,85,128,-521,86,128
6,-584,96,-60,-585,97,-60
6,-567,132,-61,-567,133,-62
6,-584,78,47,-584,77,45
6,-569,125,-34,-569,125,-35
6,-550,144,-88,-548,145,-88
6,-526,153,-11,-526,152,-12
6,-573,109,-34,-573,110,-35
6,-573,104,7,-573,105,5
6,-570,100,5,-570,100,7
6,-582,146,95,-580,147,95
6,-437,73,88,-439,73,88
6,-589,89,7,-590,90,7
6,-575,130,10,-573,130,10
6,-528,155,128,-527,156,128
6,-526,121,-63,-526,121,-65
6,-513,127,128,-513,126,127
6,-403,108,108,-403,109,109
6,-565,114,-102,-564,115,-102
6,-538,81,-16,-537,80,-16
6,-390,153,123,-389,153,123
6,-565,144,-97,-564,145,-97
6,-561,90,-97,-562,91,-97
6,-358,77,-16,-358,77,-14
6,-585,118,52,-584,117,52
6,-594,76,54,-593,77,54
6,-569,124,-3,-570,125,-3
6,-546,113,106,-546,112,105
6,-573,134,-27,-572,135,-27
6,-562,114,-65,-562,115,-64
6,-579,96,-66,-580,97,-66
6,-544,132,-66,-544,133,-65
6,-589,154,7,-590,155,7
6,-512,147,108,-512,146,107
6,-352,71,-16,-352,71,-14
6,-593,74,-22,-593,75,-20
6,-560,99,78,-559,100,78
6,-584,126,-60,-585,127,-60
6,-363,69,-35,-363,69,-34
6,-540,114,-60,-538,115,-60
6,-572,109,-15,-570,109,-15
6,-601,66,-58,-603,67,-58
6,-543,97,-106,-543,97,-104
6,-399,136,126,-399,136,127
6,-354,83,-33,-356,84,-33
6,-436,136,87,-435,136,87
6,-573,99,-22,-572,100,-22
6,-573,79,2,-573,80,0
6,-583,104,-27,-582,105,-27
6,-571,76,127,-571,77,126
6,-579,120,-90,-580,121,-90
6,-577,156,-61,-577,157,-62
6,-451,124,93,-451,123,95
6,-602,146,56,-602,146,55
6,-545,96,-63,-546,97,-63
6,-449,150,100,-449,151,99
6,-528,66,-100,-528,67,-102
6,-522,73,-112,-520,73,-112
6,-561,156,-97,-562,157,-97
6,-593,129,-22,-592,130,-22
6,-525,141,128,-527,141,128
6,-539,87,-17,-539,86,-18
6,-347,75,-30,-347,75,-32
6,-445,143,84,-445,143,85
6,-515,136,129,-516,136,129
6,-557,150,-65,-557,151,-64
6,-582,145,5,-583,145,5
6,-528,125,128,-527,126,128
6,-436,129,90,-437,129,90
6,-593,159,-1,-593,160,0
6,-579,124,-29,-579,125,-30
6,-551,78,-100,-550,79,-100
6,-540,78,-65,-538,79,-65
6,-403,102,100,-403,102,99
6,-574,78,-60,-575,79,-60
6,-448,157,96,-447,157,96
6,-600,123,69,-598,122,69
6,-537,120,-83,-536,121,-83
6,-509,136,129,-510,136,129
6,-572,96,129,-574,97,129
6,-593,109,-37,-593,110,-35
6,-537,126,-63,-536,127,-63
6,-587,138,-89,-587,139,-88
6,-569,156,-84,-570,157,-84
6,-585,145,122,-585,144,124
6,-435,80,78,-435,80,79
6,-528,109,-60,-526,109,-60
6,-570,121,79,-572,122,79
6,-573,95,-6,-573,95,-5
6,-582,88,91,-584,89,91
6,-528,111,103,-527,111,103
6,-550,102,-93,-548,103,-93
6,-509,146,129,-509,146,127
6,-528,123,-17,-528,122,-19
6,-452,95,-113,-451,95,-113
6,-543,84,-101,-543,85,-102
6,-448,129,122,-447,129,122
6,-572,145,0,-573,145,0
6,-558,67,94,-559,67,94
6,-532,67,-62,-532,67,-60
6,-343,85,-38,-345,85,-38
6,-565,132,84,-566,132,84
6,-520,150,-62,-520,151,-60
6,-550,150,-61,-550,151,-60
6,-602,106,48,-602,106,47
6,-573,114,7,-573,115,5
6,-579,114,-60,-580,115,-60
6,-535,111,-17,-535,110,-18
6,-601,66,-28,-603,67,-28
6,-551,108,-106,-550,109,-106
6,-564,133,100,-565,133,100
6,-573,89,7,-572,90,7
6,-562,73,-72,-562,73,-74
6,-576,79,112,-578,78,112
6,-450,108,100,-450,109,99
6,-573,140,-18,-573,140,-20
6,-527,145,122,-527,146,120
6,-530,117,-29,-530,116,-28
6,-578,135,122,-578,135,121
6,-525,136,123,-525,136,125
6,-567,78,-85,-567,79,-86
6,-449,122,121,-451,122,121
6,-583,124,2,-582,125,2
6,-357,63,-35,-358,63,-35
6,-579,100,-24,-579,100,-25
6,-529,141,-27,-528,140,-27
7,-555,148,835,-556,149,835
7,-429,103,736,-431,103,736
7,-368,101,698,-366,102,698
7,-344,81,802,-342,81,802
7,-323,78,839,-321,78,839
7,-342,156,790,-341,157,790
7,-359,136,706,-359,137,707
7,-342,75,839,-343,75,839
7,-567,139,816,-567,139,815
7,-582,152,719,-580,151,719
7,-320,71,794,-321,71,794
7,-376,76,820,-376,75,822
7,-430,148,725,-430,147,727
7,-377,133,794,-377,132,793
7,-549,115,719,-551,115,719
7,-513,81,819,-511,81,819
7,-578,115,700,-576,116,700
7,-342,77,800,-342,77,799
7,-362,87,710,-361,87,710
7,-449,68,842,-450,67,842
7,-500,87,808,-501,87,808
7,-514,132,804,-513,132,804
7,-307,97,822,-309,97,822
7,-328,114,833,-326,115,833
7,-602,89,803,-602,88,801
7,-433,151,777,-433,150,778
7,-598,85,763,-598,85,765
7,-546,66,757,-546,66,759
7,-379,121,828,-379,120,830
7,-561,66,769,-561,66,767
7,-596,112,775,-598,112,775
7,-551,97,777,-549,97,777
7,-511,138,823,-511,139,824
7,-433,66,769,-433,66,771
7,-576,94,809,-578,94,809
7,-574,161,767,-576,160,767
7,-600,143,833,-602,142,833
7,-429,81,814,-429,81,816
7,-598,76,808,-598,76,809
7,-357,150,822,-358,151,822
7,-371,129,716,-371,130,717
7,-494,103,721,-496,102,721
7,-567,130,786,-567,130,785
7,-435,122,776,-435,121,774
7,-602,161,791,-602,160,793
7,-514,137,838,-514,137,839
7,-545,130,725,-547,130,725
7,-558,101,694,-558,102,696
7,-514,67,838,-514,67,839
7,-567,88,696,-568,88,696
7,-354,82,828,-354,81,827
7,-369,144,716,-369,144,717
7,-431,95,755,-431,94,753
7,-558,94,694,-558,95,696
7,-565,160,811,-565,160,813
7,-543,125,813,-543,124,811
7,-508,87,709,-508,87,708
7,-324,126,800,-325,127,800
7,-497,102,699,-499,102,699
7,-376,113,839,-377,114,839
7,-576,152,767,-576,151,769
7,-503,148,838,-503,149,836
7,-314,133,831,-312,133,831
7,-309,153,789,-310,154,789
7,-576,114,779,-576,115,777
7,-446,87,822,-447,88,822
7,-433,142,735,-433,141,734
7,-376,66,823,-376,66,822
7,-499,87,797,-500,87,797
7,-562,103,699,-562,102,697
7,-434,95,798,-436,95,798
7,-567,148,826,-567,148,825
7,-305,66,834,-304,67,834
7,-450,66,824,-450,67,822
7,-578,139,807,-578,139,809
7,-436,101,802,-437,102,802
7,-594,98,757,-594,97,759
7,-578,157,752,-578,157,751
7,-302,67,821,-304,67,821
7,-543,152,823,-543,151,821
7,-376,122,786,-377,121,786
7,-514,87,838,-514,87,839
7,-500,96,828,-501,97,828
7,-578,94,733,-578,94,731
7,-562,143,696,-560,144,696
7,-504,95,700,-504,94,699
7,-576,78,785,-576,79,783
7,-350,160,835,-350,160,834
7,-602,134,739,-600,133,739
7,-596,80,792,-596,79,791
7,-576,139,789,-578,139,789
7,-503,112,840,-503,112,838
7,-383,75,793,-381,75,793
7,-361,143,702,-359,143,702
7,-340,140,839,-339,141,839
7,-435,97,777,-435,96,778
7,-578,108,700,-578,109,699
7,-308,158,789,-310,159,789
7,-598,121,808,-598,121,809
7,-516,96,837,-516,96,835
7,-600,130,835,-598,130,835
7,-602,116,727,-602,115,729
7,-545,79,831,-545,79,833
7,-513,118,827,-513,117,828
7,-559,77,750,-558,77,750
7,-591,122,835,-589,122,835
7,-559,122,834,-558,122,834
7,-346,108,718,-347,108,718
7,-501,83,809,-501,84,810
7,-424,144,806,-426,144,806
7,-381,103,833,-381,103,835
7,-578,148,806,-578,148,805
7,-380,66,841,-381,66,841
7,-514,91,798,-514,92,797
7,-314,132,834,-312,133,834
7,-309,111,802,-311,111,802
7,-578,85,723,-578,85,725
7,-360,145,844,-360,145,842
7,-308,106,800,-307,107,800
7,-350,143,710,-352,144,710
7,-348,116,800,-349,117,800
7,-504,107,838,-503,107,838
7,-549,98,822,-549,97,821
7,-509,115,706,-509,115,708
7,-374,115,793,-375,114,793
7,-377,120,832,-377,120,830
7,-598,157,827,-598,157,829
7,-512,85,836,-511,84,836
7,-598,94,838,-598,94,839
7,-332,137,796,-332,137,797
7,-381,113,814,-381,112,813
7,-350,90,836,-350,90,834
7,-513,120,796,-513,119,797
7,-571,161,729,-571,160,727
7,-361,143,710,-359,143,710
7,-578,95,744,-578,94,745
7,-374,151,793,-375,150,793
7,-551,97,759,-549,97,759
7,-436,109,836,-437,109,836
7,-368,122,698,-369,122,698
7,-567,76,774,-567,76,775
7,-432,75,773,-433,75,773
7,-501,123,833,-501,122,832
7,-503,109,713,-504,109,713
7,-545,112,771,-547,112,771
7,-319,83,799,-318,82,799
7,-591,77,750,-589,77,750
7,-578,148,734,-578,148,735
7,-313,93,787,-314,92,787
7,-500,76,832,-501,77,832
7,-426,108,800,-426,109,802
7,-427,124,836,-426,123,836
7,-336,94,735,-337,94,735
7,-545,143,757,-545,142,759
7,-444,102,808,-446,102,808
7,-342,92,825,-342,91,824
7,-501,118,833,-501,117,832
7,-314,102,796,-315,102,796
7,-506,95,707,-505,95,707
7,-327,72,798,-327,71,797
7,-563,98,841,-565,97,841
7,-446,143,802,-447,144,802
7,-545,139,835,-547,139,835
7,-501,73,827,-501,72,828
7,-435,131,765,-435,131,763
7,-562,117,699,-562,116,700
7,-598,148,774,-598,148,775
7,-500,152,817,-500,152,815
7,-368,80,710,-369,80,710
7,-510,97,832,-510,97,831
7,-338,145,824,-340,145,824
7,-319,108,787,-320,109,787
7,-513,68,809,-513,67,808
7,-576,134,739,-576,133,737
7,-308,126,790,-308,127,789
7,-318,91,800,-318,92,799
7,-507,156,825,-508,156,825
7,-516,109,714,-514,109,714
7,-323,78,789,-322,79,789
7,-318,126,800,-318,127,799
7,-375,129,828,-375,130,830
7,-570,108,694,-570,109,696
7,-516,102,836,-516,101,835
7,-306,150,830,-307,150,830
7,-437,95,834,-437,95,832
7,-379,113,792,-377,112,792
7,-591,148,834,-589,149,834
7,-338,151,790,-339,152,790
7,-512,146,739,-514,146,739
7,-549,88,778,-549,88,777
7,-544,142,737,-545,142,737
7,-602,80,811,-600,79,811
8,257,71,830,257,71,828
8,253,88,828,254,87,828
8,406,131,821,405,130,821
8,257,81,835,257,81,836
8,284,129,737,282,130,737
8,284,136,731,282,137,731
8,380,138,833,381,139,833
8,400,78,672,400,78,671
8,403,101,741,402,102,741
8,369,150,753,370,151,753
8,314,101,737,312,102,737
8,399,143,827,398,144,827
8,376,105,759,376,104,757
8,368,144,836,366,144,836
8,272,126,825,272,127,826
8,366,124,752,365,125,752
8,273,93,826,274,94,826
8,380,159,807,379,158,807
8,369,115,781,370,116,781
8,380,68,785,378,69,785
8,308,143,737,310,144,737
8,366,138,821,365,139,821
8,306,115,741,304,116,741
8,406,110,814,405,109,814
8,273,123,826,274,124,826
8,264,156,787,265,156,787
8,378,130,741,378,130,743
8,398,122,836,396,123,836
8,400,103,674,400,102,675
8,394,150,793,393,151,793
8,265,133,783,264,133,783
8,392,117,785,391,118,785
8,277,84,786,277,85,785
8,314,82,840,313,82,840
8,362,95,839,362,95,838
8,273,73,838,274,74,838
8,396,133,824,396,132,826
8,399,143,765,398,144,765
8,379,124,793,378,125,793
8,272,67,840,272,66,841
8,269,111,833,269,112,835
8,415,86,673,415,86,675
8,400,143,675,398,143,675
8,392,89,764,391,90,764
8,304,87,737,302,88,737
8,254,142,839,255,142,839
8,300,122,717,298,123,717
8,400,110,671,398,111,671
8,273,98,838,272,97,838
8,366,96,759,365,97,759
8,282,108,741,282,109,740
8,314,145,740,314,144,741
8,259,116,840,259,116,839
8,284,73,731,282,74,731
8,292,136,727,292,137,728
8,394,147,833,396,146,833
8,258,147,826,259,146,826
8,369,137,781,370,137,781
8,406,152,757,407,153,757
8,314,150,789,312,150,789
8,409,144,831,409,144,830
8,380,145,819,379,144,819
8,251,136,832,251,136,831
8,396,126,833,394,125,833
8,269,121,833,269,122,835
8,402,89,838,402,88,837
8,393,103,805,394,104,805
8,257,156,830,257,156,828
8,392,101,835,394,102,835
8,393,95,775,393,95,773
8,366,145,785,365,146,785
8,300,139,803,300,139,801
8,391,75,833,393,74,833
8,395,108,763,396,109,763
8,304,109,789,306,109,789
8,300,94,741,300,95,740
8,398,151,673,398,151,671
8,370,131,794,370,132,793
8,267,67,791,269,67,791
8,272,107,828,272,107,826
8,269,72,786,270,73,786
8,368,81,835,370,81,835
8,415,118,660,415,118,662
8,378,123,836,378,123,835
8,296,66,738,298,67,738
8,300,67,827,299,67,827
8,311,128,799,312,127,799
8,253,118,836,254,117,836
8,263,133,836,264,134,836
8,271,97,831,271,97,829
8,387,136,751,389,137,751
8,406,82,798,407,83,798
8,370,80,754,370,81,753
8,308,144,802,308,144,803
8,284,80,731,282,81,731
8,390,76,814,391,76,814
8,255,96,823,255,97,825
8,308,131,718,308,130,720
8,368,105,773,368,104,771
8,292,85,803,294,85,803
8,409,66,840,408,67,840
8,288,108,731,288,109,730
8,272,112,828,272,112,826
8,298,71,842,299,71,842
8,253,128,828,252,129,828
8,408,136,838,410,137,838
8,302,73,727,302,74,728
8,370,75,770,370,76,771
8,257,136,827,257,136,828
8,294,134,787,294,133,785
8,376,109,796,376,109,797
8,380,152,793,381,153,793
8,312,73,741,314,74,741
8,406,75,759,405,74,759
8,296,144,717,294,144,717
8,379,96,821,381,97,821
8,252,156,831,251,156,831
8,288,129,737,288,130,738
8,254,141,825,255,142,825
8,308,103,718,308,102,720
8,294,87,715,294,88,717
8,380,68,764,381,69,764
8,395,104,785,394,104,785
8,392,138,833,391,139,833
8,294,146,787,295,145,787
8,280,116,740,282,116,740
8,368,91,829,366,90,829
8,380,131,821,379,130,821
8,282,122,741,282,123,740
8,308,103,740,308,102,741
8,310,120,795,310,121,797
8,393,124,773,394,125,773
8,304,136,737,304,137,738
8,375,84,821,376,83,821
8,403,70,780,402,69,780
8,286,102,741,284,102,741
8,272,151,839,272,151,841
8,395,136,797,396,137,797
8,278,96,740,278,95,738
8,313,78,831,311,77,831
8,253,133,828,254,132,828
8,290,108,741,288,109,741
8,418,94,671,417,95,671
8,372,102,837,370,102,837
8,290,115,735,290,116,737
8,278,106,839,279,107,839
8,406,159,805,405,158,805
8,296,66,717,294,67,717
8,406,96,785,404,97,785
8,407,67,748,409,67,748
8,366,109,838,366,109,836
8,262,92,835,262,92,836
8,255,68,840,255,67,839
8,267,73,826,266,74,826
8,369,87,741,370,88,741
8,264,126,779,263,126,779
8,392,131,785,394,132,785
8,392,110,773,394,111,773
8,310,101,727,308,102,727
8,399,95,813,398,95,813
8,366,68,805,365,69,805
8,369,161,764,370,160,764
8,253,118,828,252,119,828
8,396,117,832,396,118,833
8,367,158,784,367,158,785
8,396,117,760,396,118,759
8,286,67,741,288,67,741
8,402,75,794,402,76,793
8,298,80,731,298,81,730
8,403,84,798,402,83,798
8,416,66,777,418,67,777
8,403,130,741,402,130,741
8,380,97,793,381,97,793
8,406,152,807,405,151,807
8,389,101,815,389,102,813
8,299,72,824,297,72,824
8,400,134,671,398,135,671
8,284,101,731,282,102,731
8,382,77,805,381,76,805
8,393,82,833,393,83,835
8,300,80,741,298,81,741
8,393,109,832,393,109,833
8,406,134,672,406,134,671
8,392,159,764,391,160,764
8,415,143,661,415,142,662
8,392,138,785,391,139,785
8,380,110,805,378,111,805
8,396,124,756,396,125,754
8,277,78,790,277,79,791
8,417,87,661,417,87,662
8,366,103,819,368,104,819
8,380,131,833,381,132,833
