0,-342,66,-284,-342,66,-282
0,-296,98,-286,-297,98,-287
0,-324,71,-307,-323,71,-307
0,-372,93,-293,-374,92,-293
0,-266,85,-246,-266,85,-245
0,-352,75,-322,-353,75,-322
1,282,70,-116,282,70,-115
1,305,67,-35,306,67,-35
1,264,63,-136,264,63,-138
1,255,67,-78,254,67,-78
1,295,61,-184,295,62,-185
1,273,75,-22,273,75,-24
2,-344,66,431,-344,66,432
2,-370,71,419,-371,71,418
2,-325,71,392,-325,71,394
2,-358,75,387,-358,75,385
3,355,115,482,356,115,482
3,386,156,466,386,156,465
3,362,144,449,362,144,447
3,402,83,751,402,83,752
3,406,101,443,406,101,445
3,379,84,772,378,83,771
