-646,-454,-714,-522,3
-38,218,-613,-357,2
-448,-433,-416,-401,2
-432,-417,-416,-401,2
-416,-401,-416,-401,2
-432,-417,-400,-385,2
-448,-433,-384,-369,2
-448,-433,-352,-337,2
-432,-417,-352,-337,2
-448,-433,-336,-321,2
-432,-417,-336,-321,2
-416,-401,-336,-321,2
-400,-385,-336,-321,2
-448,-433,-208,-193,2
-432,-417,-208,-193,2
-416,-401,-208,-193,2
-432,-417,-192,-177,2
-448,-433,-176,-161,2
-448,-433,-160,-145,2
-448,-433,-144,-129,2
-432,-417,-144,-129,2
-448,-433,-128,-113,2
-432,-417,-128,-113,2
-416,-401,-128,-113,2
-112,-97,-112,-97,2
-96,-81,-112,-97,2
-96,-81,64,79,2
-80,-65,64,79,2
-64,-49,64,79,2
-48,-33,64,79,2
-32,-17,64,79,2
-448,-433,80,95,2
-96,-81,80,95,2
-80,-65,80,95,2
-64,-49,80,95,2
-48,-33,80,95,2
-32,-17,80,95,2
-512,-497,96,111,2
-96,-81,96,111,2
-80,-65,96,111,2
-64,-49,96,111,2
-48,-33,96,111,2
-32,-17,96,111,2
-512,-497,112,127,2
-96,-81,112,127,2
-80,-65,112,127,2
-64,-49,112,127,2
-48,-33,112,127,2
-32,-17,112,127,2
-432,-417,272,287,2
-400,-385,272,287,2
-336,-321,272,287,2
-320,-305,272,287,2
-112,-97,272,287,2
-512,-497,288,303,2
-432,-417,288,303,2
-416,-401,288,303,2
-400,-385,288,303,2
-384,-369,288,303,2
-368,-353,288,303,2
-352,-337,288,303,2
-336,-321,288,303,2
-320,-305,288,303,2
-240,-225,288,303,2
-224,-209,288,303,2
-208,-193,288,303,2
-112,-97,288,303,2
-512,-497,304,319,2
-400,-385,304,319,2
-336,-321,304,319,2
-320,-305,304,319,2
-256,-241,304,319,2
-240,-225,304,319,2
-208,-193,304,319,2
-112,-97,304,319,2
-336,-321,320,335,2
-512,-497,368,383,2
-384,-369,368,383,2
-320,-305,368,383,2
-304,-289,368,383,2
-144,-129,368,383,2
-128,-113,368,383,2
-16,-1,368,383,2
-512,-497,384,399,2
-432,-417,384,399,2
-384,-369,384,399,2
-320,-305,384,399,2
-304,-289,384,399,2
-144,-129,384,399,2
-128,-113,384,399,2
-16,-1,384,399,2
-512,-497,400,415,2
-448,-433,400,415,2
-384,-369,400,415,2
-320,-305,400,415,2
-272,-257,400,415,2
-256,-241,400,415,2
-240,-225,400,415,2
-224,-209,400,415,2
-512,-497,416,431,2
-384,-369,416,431,2
-320,-305,416,431,2
-304,-289,416,431,2
-272,-257,416,431,2
-256,-241,416,431,2
-240,-225,416,431,2
-224,-209,416,431,2
-208,-193,416,431,2
-192,-177,416,431,2
-128,-113,416,431,2
-96,-81,416,431,2
-448,-433,432,447,2
-432,-417,432,447,2
-448,-433,448,463,2
-432,-417,448,463,2
-256,-241,672,687,2
-368,-353,688,703,2
-352,-337,688,703,2
-336,-321,688,703,2
-272,-257,688,703,2
-256,-241,688,703,2
-208,-193,688,703,2
-192,-177,688,703,2
-160,-145,688,703,2
-144,-129,688,703,2
-128,-113,688,703,2
-112,-97,688,703,2
-96,-81,688,703,2
-80,-65,688,703,2
-64,-49,688,703,2
-368,-353,704,719,2
-336,-321,704,719,2
-320,-305,704,719,2
-256,-241,704,719,2
-208,-193,704,719,2
-144,-129,704,719,2
-128,-113,704,719,2
-96,-81,704,719,2
-80,-65,704,719,2
-368,-353,720,735,2
-352,-337,720,735,2
-336,-321,720,735,2
-272,-257,720,735,2
-256,-241,720,735,2
-240,-225,720,735,2
-208,-193,720,735,2
-192,-177,720,735,2
-160,-145,720,735,2
-144,-129,720,735,2
-128,-113,720,735,2
-96,-81,720,735,2
-80,-65,720,735,2
-64,-49,720,735,2
-256,-241,736,751,2
-448,-433,768,783,2
-384,-369,784,799,2
-352,-337,784,799,2
-336,-321,784,799,2
-320,-305,784,799,2
-240,-225,784,799,2
-224,-209,784,799,2
-208,-193,784,799,2
-192,-177,784,799,2
-16,-1,784,799,2
-512,-497,800,815,2
-384,-369,800,815,2
-144,-129,800,815,2
-128,-113,800,815,2
-16,-1,800,815,2
-512,-497,816,831,2
-384,-369,816,831,2
-352,-337,816,831,2
-144,-129,816,831,2
-128,-113,816,831,2
-80,-65,816,831,2
-64,-49,816,831,2
-16,-1,816,831,2
-512,-497,832,847,2
-384,-369,832,847,2
-368,-353,832,847,2
-352,-337,832,847,2
-144,-129,832,847,2
-128,-113,832,847,2
-80,-65,832,847,2
-64,-49,832,847,2
-16,-1,832,847,2
-592,-577,-320,-305,2
-576,-561,-320,-305,2
-608,-593,-304,-289,2
-592,-577,-304,-289,2
-576,-561,-304,-289,2
-560,-545,-304,-289,2
-608,-593,-288,-273,2
-592,-577,-288,-273,2
-576,-561,-288,-273,2
-560,-545,-288,-273,2
-608,-593,-272,-257,2
-592,-577,-272,-257,2
-576,-561,-272,-257,2
-560,-545,-272,-257,2
-608,-593,-256,-241,2
-592,-577,-256,-241,2
-576,-561,-256,-241,2
-560,-545,-256,-241,2
-608,-593,-240,-225,2
-592,-577,-240,-225,2
-576,-561,-240,-225,2
-560,-545,-240,-225,2
-608,-593,-224,-209,2
-592,-577,-224,-209,2
-576,-561,-224,-209,2
-560,-545,-224,-209,2
-592,-577,-176,-161,2
-592,-577,-128,-113,2
-576,-561,-128,-113,2
-560,-545,-128,-113,2
-544,-529,-128,-113,2
-528,-513,-128,-113,2
-592,-577,-112,-97,2
-576,-561,-112,-97,2
-560,-545,-112,-97,2
-544,-529,-112,-97,2
-528,-513,-112,-97,2
-592,-577,-96,-81,2
-576,-561,-96,-81,2
-560,-545,-96,-81,2
-544,-529,-96,-81,2
-592,-577,-80,-65,2
-576,-561,-80,-65,2
-560,-545,-80,-65,2
-544,-529,-80,-65,2
-528,-513,-80,-65,2
-592,-577,-64,-49,2
-592,-577,-32,-17,2
-576,-561,-32,-17,2
-592,-577,-16,-1,2
-576,-561,-16,-1,2
-544,-529,-16,-1,2
-592,-577,0,15,2
-576,-561,0,15,2
-592,-577,48,63,2
-592,-577,80,95,2
-576,-561,80,95,2
-560,-545,80,95,2
-608,-593,96,111,2
-592,-577,96,111,2
-576,-561,96,111,2
-560,-545,96,111,2
-528,-513,96,111,2
-592,-577,112,127,2
-576,-561,112,127,2
-560,-545,112,127,2
-528,-513,112,127,2
-592,-577,272,287,2
-576,-561,272,287,2
-528,-513,272,287,2
-592,-577,288,303,2
-528,-513,288,303,2
-592,-577,304,319,2
-592,-577,368,383,2
-528,-513,368,383,2
-608,-593,384,399,2
-592,-577,384,399,2
-576,-561,384,399,2
-560,-545,384,399,2
-544,-529,384,399,2
-528,-513,384,399,2
-592,-577,400,415,2
-576,-561,400,415,2
-560,-545,400,415,2
-544,-529,400,415,2
-528,-513,400,415,2
-592,-577,416,431,2
-576,-561,416,431,2
-544,-529,416,431,2
-528,-513,416,431,2
-592,-577,672,687,2
-576,-561,672,687,2
-592,-577,688,703,2
-576,-561,688,703,2
-592,-577,720,735,2
-576,-561,720,735,2
-608,-593,736,751,2
-592,-577,736,751,2
-576,-561,736,751,2
-560,-545,736,751,2
-608,-593,752,767,2
-576,-561,752,767,2
-608,-593,768,783,2
-576,-561,768,783,2
-576,-561,784,799,2
-608,-593,800,815,2
-592,-577,800,815,2
-576,-561,800,815,2
-560,-545,800,815,2
-528,-513,800,815,2
-608,-593,816,831,2
-576,-561,816,831,2
-592,-577,832,847,2
-560,-545,832,847,2
176,191,-240,-225,2
16,31,64,79,2
32,47,64,79,2
48,63,64,79,2
32,47,80,95,2
16,31,96,111,2
32,47,112,127,2
0,15,272,287,2
16,31,272,287,2
256,271,272,287,2
272,287,272,287,2
288,303,272,287,2
368,383,272,287,2
384,399,272,287,2
400,415,272,287,2
0,15,288,303,2
16,31,288,303,2
32,47,288,303,2
48,63,288,303,2
160,175,288,303,2
256,271,288,303,2
272,287,288,303,2
288,303,288,303,2
368,383,288,303,2
384,399,288,303,2
400,415,288,303,2
16,31,304,319,2
32,47,304,319,2
48,63,304,319,2
160,175,304,319,2
176,191,304,319,2
256,271,304,319,2
272,287,304,319,2
288,303,304,319,2
368,383,304,319,2
384,399,304,319,2
400,415,304,319,2
368,383,320,335,2
384,399,320,335,2
400,415,320,335,2
352,367,352,367,2
368,383,352,367,2
0,15,368,383,2
32,47,368,383,2
176,191,368,383,2
352,367,368,383,2
368,383,368,383,2
0,15,384,399,2
32,47,384,399,2
112,127,400,415,2
128,143,400,415,2
144,159,400,415,2
176,191,400,415,2
288,303,400,415,2
112,127,416,431,2
128,143,416,431,2
144,159,416,431,2
176,191,416,431,2
384,399,416,431,2
352,367,432,447,2
368,383,432,447,2
384,399,432,447,2
400,415,432,447,2
416,431,432,447,2
352,367,448,463,2
368,383,448,463,2
384,399,448,463,2
400,415,448,463,2
352,367,464,479,2
368,383,464,479,2
352,367,496,511,2
368,383,496,511,2
384,399,496,511,2
400,415,496,511,2
384,399,512,527,2
352,367,528,543,2
368,383,528,543,2
384,399,528,543,2
400,415,528,543,2
368,383,544,559,2
384,399,544,559,2
384,399,560,575,2
384,399,576,591,2
352,367,592,607,2
368,383,592,607,2
384,399,592,607,2
400,415,592,607,2
368,383,608,623,2
384,399,608,623,2
400,415,608,623,2
96,111,672,687,2
112,127,672,687,2
144,159,672,687,2
176,191,672,687,2
224,239,672,687,2
240,255,672,687,2
256,271,672,687,2
272,287,672,687,2
400,415,672,687,2
96,111,688,703,2
112,127,688,703,2
144,159,688,703,2
176,191,688,703,2
224,239,688,703,2
240,255,688,703,2
256,271,688,703,2
272,287,688,703,2
32,47,704,719,2
112,127,704,719,2
144,159,704,719,2
160,175,704,719,2
176,191,704,719,2
32,47,720,735,2
48,63,720,735,2
112,127,720,735,2
128,143,720,735,2
144,159,720,735,2
176,191,720,735,2
224,239,720,735,2
240,255,720,735,2
256,271,720,735,2
272,287,720,735,2
288,303,720,735,2
304,319,720,735,2
32,47,736,751,2
224,239,736,751,2
240,255,736,751,2
272,287,736,751,2
288,303,736,751,2
352,367,736,751,2
368,383,736,751,2
384,399,736,751,2
400,415,736,751,2
352,367,752,767,2
368,383,752,767,2
384,399,752,767,2
400,415,752,767,2
352,367,768,783,2
368,383,768,783,2
384,399,768,783,2
400,415,768,783,2
0,15,784,799,2
16,31,784,799,2
112,127,784,799,2
128,143,784,799,2
144,159,784,799,2
160,175,784,799,2
176,191,784,799,2
224,239,784,799,2
368,383,784,799,2
384,399,784,799,2
400,415,784,799,2
0,15,800,815,2
16,31,800,815,2
32,47,800,815,2
352,367,800,815,2
368,383,800,815,2
384,399,800,815,2
400,415,800,815,2
0,15,816,831,2
16,31,816,831,2
32,47,816,831,2
48,63,816,831,2
144,159,816,831,2
160,175,816,831,2
176,191,816,831,2
240,255,816,831,2
256,271,816,831,2
352,367,816,831,2
368,383,816,831,2
384,399,816,831,2
400,415,816,831,2
16,31,832,847,2
48,63,832,847,2
112,127,832,847,2
144,159,832,847,2
160,175,832,847,2
176,191,832,847,2
240,255,832,847,2
256,271,832,847,2
368,383,832,847,2
384,399,832,847,2
